birthday,email,first_name,gender,id,last_name,phone_number
11/08/2002,mmahaddie1j@angelfire.com,Shyla,female,ee484b91-5bde-4d47-b485-365bdc864cac,Rawnsley,0387176765
05/08/1995,bniland1k@parallels.com,Salvatore,male,0b7be47f-b435-4a49-9d82-7356db1047de,Bendel,0892387883
04/09/1975,xsandercroft1l@cornell.edu,Roy,male,6a2ec4c6-0ba4-4dac-a786-19ae96318dcc,Pandey,0327671389
07/27/1997,gwest1m@amazonaws.com,Monica,female,8641862d-c021-4f21-9c5d-98bf8531e8d2,Telford,0808508366
09/11/1975,pvondruska1n@ihg.com,Denzel,male,b75d68b9-2a71-478e-911c-02c467e72d3d,Kissell,0903934143
03/18/2002,fvyel1o@i2i.jp,Cornelius,male,37249f56-b3e5-4f21-bb98-3b8f13fdd6e3,Jumont,0361561023
05/01/1988,cgrundle1p@howstuffworks.com,Celeste,female,77b23389-2613-4be2-a9f1-9e5cbcb21e40,MacPhee,0328996112
11/22/1988,dhuban1q@networksolutions.com,Marco,male,4ea9ffe9-b0b6-40a1-980c-002ba0c88f95,Waycot,0937068951
08/26/1996,rwallbridge1r@adobe.com,Kingston,male,50cae643-238e-4b9f-8974-3d409829efd9,Dureden,0801374552
06/17/1999,cstayte1s@mail.ru,Lorelai,female,40a35fa3-8f96-42e9-ba9e-5c3b89d40c6a,Micheu,0869653849
09/11/1982,bleedal1t@marriott.com,Claire,female,82418a3d-3f94-461b-ba44-49b73e189896,Purdey,0978392422
07/09/1973,fwheal1u@xrea.com,Marc,male,fa89ece3-e799-4191-b45b-a00b06f89260,Ollerhad,0373900678
04/17/1978,arushby1v@bloglovin.com,Drew,male,4c341b3e-0204-4922-93bb-f7c966fbfea7,Hellikes,0347841221
08/26/1977,ysnowding1w@nasa.gov,Kolten,male,95165e6e-496c-43b1-baf7-b21c0835daa2,Yeates,0961089833
11/13/1998,amurrthum1x@symantec.com,Saniyah,female,714006a6-a7d0-4619-8bd5-1bc8b820b5b4,Busson,0588657105
04/11/1981,wrenfree1y@sciencedaily.com,Meredith,female,4e31a1ee-d480-4b23-bcd0-e252515056a8,Sebring,0226249915
09/01/1993,mspratley1z@360.cn,Landin,male,098c7d5d-c2e8-4c85-b094-23a61d439f2a,Dilliway,0332670081
09/02/1999,cantuoni20@163.com,Piper,female,c76bc89f-93fc-4b67-912c-6d6273d23e37,Korlat,0165687035
12/16/1974,jfermin21@baidu.com,Terrell,male,a3696aac-5336-48f4-8511-9c7f44b5c777,Willcott,0428204923
05/05/2004,ukembrey22@scientificamerican.com,Kameron,male,795d7561-7f51-4195-8297-36ae13716c7e,Helwig,0850821485
03/29/1970,zangood23@timesonline.co.uk,Dahlia,female,a96881d9-e479-407a-ac15-26df49ee0b9e,Luttger,0707323023
04/25/2003,cloude24@wordpress.org,Rishi,male,b175fdc4-7343-4ac2-9740-2a9ca456f118,Tweedlie,0236713775
04/17/2000,scockren25@lycos.com,Teagan,male,a69686f1-daad-4241-9004-7f40bdd80e6e,Radsdale,0194523887
11/12/1992,tscurfield26@hao123.com,Leonidas,male,60675624-4d76-4791-9729-37c838db5692,Hoys,0464275241
04/15/1996,srussan27@oracle.com,Paul,male,70e4c02d-8a6b-49a4-9823-5f936f95affb,Simonnet,0888263431
01/08/1984,dfeldbau28@i2i.jp,Jayvion,male,8f0799c5-f141-4458-b68d-5590b4c5fe36,Painswick,0972076977
07/04/2005,fginnane29@twitpic.com,Teresa,female,50d9de69-daef-485c-ab00-8dc64e24eb41,Fountain,0948357999
02/26/1975,bcoon2a@zimbio.com,Krish,male,c15c52a9-0120-408e-ae9b-59367e2446d6,Jacketts,0701426922
08/30/1975,aspiniello2b@kickstarter.com,Braylen,male,dc525c2c-acbb-4c15-9bfd-f0f3f2bf2dce,Gregersen,0324511284
09/29/1987,cburkitt2c@uol.com.br,Zane,male,959a3e21-b634-4431-a75a-7bd4467b7919,Milward,0839183710
07/03/1971,dhalden2d@eepurl.com,Sylvia,female,8cbfd80d-7c7f-435c-a871-598aad4ee9c5,Becken,0338030847
07/02/1970,pangrove2e@woothemes.com,Miles,male,cedd4a81-7315-4c40-93dd-96c16ae8dd00,Tommis,0353186956
03/29/1983,idrakes2f@flickr.com,Cassie,female,5945320f-d244-4bd5-87ff-c982b21fb53e,Olesen,0321871964
02/02/1982,ckermannes2g@businessinsider.com,Josiah,male,b60a6676-dd6c-4586-84f8-f0694c7ca7a4,Duns,0905477759
06/11/1973,iaddyman2h@dagondesign.com,Quentin,male,82ff463e-3f2c-4b2a-9508-a818da3b7373,Dreamer,0817576108
01/24/1972,hcrispe2i@sakura.ne.jp,Alexandria,female,198d2a1c-c714-4e7c-a0be-7f9a27d5a102,Soloway,0838410283
07/25/1987,kingreda2j@bandcamp.com,Makai,male,8159eb4e-8a4a-494f-a927-c25efad04a54,Layton,0329096773
06/28/1973,rmordey2k@rambler.ru,Tianna,female,f258cedb-8ce7-490f-a5f9-9a3a3b1cb183,Willgoose,0869983750
08/23/1995,mhamnett2l@addthis.com,Clayton,male,9e108883-3f91-49e6-88fa-852012d58697,Fielden,0394331227
06/18/1997,kattenborrow2m@sakura.ne.jp,Jocelynn,female,be8cb364-734f-4af3-b234-c707c9ffdb89,Ashtonhurst,0354146946
